region	n_samples	ASV1	ASV2	ASV3	ASV4	ASV5	ASV6	ASV7	ASV8	ASV9	ASV10	ASV11	ASV12	ASV13	ASV14	ASV15	ASV16	ASV17	ASV18	ASV19	ASV20	ASV21	ASV22	ASV23	ASV24	ASV25	ASV26	ASV27	ASV28	ASV29	ASV30	ASV31	ASV32	ASV33	ASV34	ASV35	ASV36	ASV37	ASV38	ASV39	ASV40	ASV41	ASV42	ASV43	ASV44	ASV45	ASV46	ASV47	ASV48	ASV49	ASV50	ASV51	ASV52	ASV53	ASV54	ASV55	ASV56	ASV57	ASV58	ASV59	ASV60	ASV61	ASV62	ASV63	ASV64	ASV65	ASV66	ASV67	ASV68	ASV69	ASV70	ASV71	ASV72	ASV73	ASV74	ASV75	ASV76	ASV77	ASV78	ASV79	ASV80	ASV81	ASV82	ASV83	ASV84	ASV85	ASV86	ASV87	ASV88	ASV89	ASV90	ASV91	ASV92	ASV93	ASV94	ASV95	ASV96	ASV97	ASV98	ASV99	ASV100	ASV101	ASV102	ASV103	ASV104	ASV105	ASV106	ASV107	ASV108	ASV109	ASV110	ASV111	ASV112	ASV113	ASV114	ASV115	ASV116	ASV117	ASV118	ASV119	ASV120	ASV121	ASV122	ASV123	ASV124	ASV125	ASV126	ASV127	ASV128	ASV129	ASV130	ASV131	ASV132	ASV133	ASV134	ASV135	ASV136	ASV137	ASV138	ASV139	ASV140	ASV141	ASV142	ASV143	ASV144	ASV145	ASV146	ASV147	ASV148	ASV149	ASV150	ASV151	ASV152	ASV153	ASV154	ASV155	ASV156	ASV157	ASV158	ASV159	ASV160	ASV161	ASV162	ASV163	ASV164	ASV165	ASV166	ASV167	ASV168	ASV169	ASV170	ASV171	ASV172	ASV173	ASV174	ASV175	ASV176	ASV177	ASV178	ASV179	ASV180	ASV181	ASV182	ASV183	ASV184	ASV185	ASV186	ASV187	ASV188	ASV189	ASV190	ASV192	ASV193	ASV194	ASV195	ASV196	ASV197	ASV198	ASV199	ASV200	ASV202	ASV203	ASV205	ASV206	ASV207	ASV208
AMBON	48	0	0	0	0	1e-06	0.016639	0	0	0	0	0.00012	0	0	0	0.023363	0	0	0	0.001708	0	0.010691	0	0	0	0	0	0	0.000342	0	0	0.000737	0.01346	0.009984	0	0.003476	0	0	0	0.006966	0	0.002939	0	0	0	0.008644	2.3e-05	0	0	0	8.3e-05	0	0	0	0	0.000825	0.013551	0.003337	0	0	0	0.005869	6.9e-05	0	0	0	0.004543	0.00032	0	0	0	0	0	0.021705	0.002511	0	1e-06	0.009244	0	0	0	0	0.000892	0	0	0.00161	0.001422	0	0	0	0	0	0	0	0	0	0.000936	0.000901	0.001147	0	0	0	0	0.001459	0	0.023895	0	0	0	0	0	0.000481	0	0	0	0.000232	0	0	0.000589	0	0	0.000234	0	0.00039	0	0	0	0.001708	0.001025	0.000318	0.000555	0	0	0.000394	0.000394	0	0	0	0	0	0	7e-06	0	0	0	0	0	0.000271	0.000253	0	0	0	0	0.000225	0	0	0	0	0.00016	0	0	0	0	0	0.000169	0	0	0.000115	0	0	0	0	8.2e-05	0	0	0	0	0	0	0	0	0	0	0	0	0	0	0	0	0	0	0	0	0	0	0	0	0	0	0	0	2.1e-05	0	7.7e-05	3.5e-05	0
ARCTREX	1	0	0	0	0	0	0	0	0	0	0	0	0	0	0	0	0	0	0	0	0	0	0	0	0	0	0	0	0	0.058865	0	0	0	0	0	0	0	0	0	0	0	0	0	0	0	0	0	0	0	0	0	0	0	0	0	0	0	0	0	0	0	0	0	0	0	0	0	0	0	0	0	0	0	0	0	0	0	0	0	0	0	0	0	0	0	0	0	0	0	0	0	0	0	0	0	0	0	0	0	0	0	0	0	0	0	0	0	0	0	0	0	0	0	0	0	0	0	0	0	0	0	0	0	0	0	0	0	0	0	0	0	0	0	0	0	0	0	0	0	0	0	0	0	0	0	0	0	0	0	0	0	0	0	0	0	0	0	0	0	0	0	0	0	0	0	0	0	0	0	0	0	0	0	0	0	0	0	0	0	0	0	0	0	0	0	0	0	0	0	0	0	0	0	0	0	0	0	0	0	0	0	0	0	0	0	0
ASGARD	7	0	0	0	0	0	0	0	0	0	0	0	0	0	0	0	0.142857	0	0.001849	0	0.053571	0	0	0	0	0.017839	0	0	0	0	0	0	0	0	0	0	0	0	0	0	0	0	0	0	0	0	0	0	0	0	0	0	0	0	0	0	0	0	0	0	0	0	0	0	0	0	0	0	0	0	0	0	0	0	0	0.008775	0	0	0	0	0	0	0	0	0	0	0	0	0	0	0	0	0	0	0	0	0	0	0	0	0	0	0	0	0	0	0	0	0	0	0	0	0	0	0	0	0	0	0	0	0	0	0	0	0	0	0	0	0	0	0	0	0	0	0	0	0	0	0	0	0	0	0	0	0	0	0	0	0	0	0	0	0	0	0	0	0	0	0	0	0	0	0	0	0	0	0	0	0	0	0	0	0	0	0	0	0	0	0	0	0	0	0	0	0	0	0	0	0	0	0	0	0	0	0	0	0	0	0	0	0	0	0	0	0	0
BARROW	27	0	0	0.060059	0	0	0.069502	0	0	0	0	0.008714	0	0	0	0	0	0	0.000175	0	0	0	0	0	0	0	0	0.001784	0.004357	0	0	0.008798	0	0.003899	0	0	0	0	0	0	0	0	0	0	0	0	0	0	0	0	0.003347	0	0	0	0	0	0	0	0	0	0	0	0.000899	0	0	0	0	0	0	0	0	0	0	0	0	0	0	0	0	0	0	0	0	0	0	0	0	0	0	0	0.000103	0	0	0	0.000266	1.4e-05	0	0	0	0.000686	0	0	0.001079	0	0	0	0	0	0	0	0	0	0	0	0	0	0	0	0	0	0	0	0	0	0	0	0.010774	0	0	0	0	0	0	0	0	0	0	0	0	0	0	0	0	0	0	0	0	0	0	0	0	0	0	0	0	0	0	0	0	0	0	0	0	0	0	0	0	0	0	0	0	0	0	0.001715	0.004191	0	0	0	0	0	3e-05	0.000719	0.000719	0	0	0	0	0	0	0	0.003831	0	0	0	0	0	0	0	0	0	0	0	0.002963	0	0	0
BORDERLANDS	11	0	0.009088	0.000449	0	0.074691	0	0	0	0	0	0	0	0	0	0	0	0	0	0	0	0	0	0	0	0	0	0	0	0.000787	0	0	0	0	0	0	0	0	0	0	0	0	0	0	0	0	0	0	0	0	0	0	0	0	0	0	0	0	0	0	0	0	0	0	0	0	0	0	0	0	0	0	0	0	0	0	0	0	0	0	0	0	0	0	0	0	0	0	0	0	0	0	0	0	0	0	0	0	0	0	0	0	0	0	0	0	0	0	0	0	0	0	0	0	0	0	0	0	0	0	0.000199	0	0	0	0	0	0	0	0	0	0	0	0	0	0	0	0	0	0	0	0	0	0	0	0	0	0	0	0	0	0	0	0	0	0	0	0	0	0	0	0	0	0	0	0	0	0	0	0	0.000105	5e-05	4.2e-05	0	0	0	0	0	0	0	0	0	0	0	0	0	0	0	0	0	0	0	0	0	0	0	0	0	0	0	0	0	0	0	0	0	0
CASES	25	0	0.1762	0.018092	0.060038	0.001254	0	0	0	0	0	0	0	3e-06	0	0	0	0	0.000239	0	0	0	0	0	0	0	0	0	0	0	0	0	0	0	0	0	0	0	0	0	0	0	0	0	0	0	0	0	0	0	0	0	0	0	0	0	0	0	0	0	0	0	0	0	0	0	0	0	0	0	0	0	0	0	0	0	0	0	0	0	0	0	0	0	0	0	0	0	0	0	0	0	0	0	0	0	0	0	0	0	0	0	0	0	0	0	0	0	0	0	0.001086	0	0	0	0	0	0	0	0	0	0	0	0	0	0	0	0	0	0	0	0	0	0	0	0	0	0	0	0	0	0	0	0	0	0	0	0	0	0	0	0	0	1.9e-05	0	0	0	0	0	0	0	0	0	0	0	0	0	0	0	0	0	0	0	0	0	0	0	0	1e-05	0	0	0	0	0	0	0	0	0	0	0	0	0	0	2.8e-05	5e-06	5e-06	0	0	0	0	0	0	0	0	0	0	0
CFL	8	0	0.000389	0	0	0.255649	0	0	0	0	0	0	0	0	0	0	0	0	0.019086	0	0	0	0	0	0	0	0	0	0	0	0	0	0	0	0	0	0	0	0	0	0	0	0	0	0.000514	0	0	0	0	0	0	0	0	0	0	0	0	0	0	0	0	0	0	0	0	0	0	0	0	0	0	0	0.000389	0	0	0	0	0	0	0	0	0	0	0	0	0	0	0	0	0	0	0	0	0	0	0	0	0	0	0	0	0	0	0	0	0	0	0	0	0	0	0	0	0	0	0	0	0	0	0	0	0	0	0	0	0	0	0	0	0	0	0	0	0	0	0	0	0	0	0	0	0	0	0	0	0	0	0	0	0	0	0	0	0	0	0	0	0	0	0	0	0	0	0	0	0	0	0	0.000173	0	0	0	0	0	0	0	0	0	0	0	0	0	0	0	0	0	0	0	0	0	0	0	0	0	0	0	0	0	0	0	0	0	0	0	0	0
CORALHARBOUR	9	0	0	0	0.00056	0	0	0	0	0	0	0	0	0	0	0	0	0	0.003434	0	0	0	0	0	0	0	0	0	0	0	0	0	0	0	0	0	0	0	0	0	0	0	0	0	0	0	0	0	0	0	0	0	0	0	0	0	0	0	0	0	0	0	0	0	0	0	0	0	0	0	0	0	0.00016	0	0	0	0	0	0	0	0	0	0	0	0	0	0	0	0	0	0	0	0	0	0	0	0	0	0	0	0	0	0	0	0	0	0	0	0	0	0	0	0	0	0	0	0	0	0	0	0	0	0	0	0	0	0	0	0	0	0	0	0	0	0	0	0	0	0	0	0	0	0	0	0	0.000213	0	0	0	0	0	0	0	0	8.2e-05	0	0	0	0	0	0	0	0	0	0	0	0	0	0	0	0	0	0	0	0	0	0	0	0	0	0	0	0	0	0	0	0	0	0	0	0	0	0	0	0	0	0	0	0	0	0	0	0	0	0	0
DANEBORG	5	0	0	0	0	0	0	0	0	0.008696	0	0.065185	0.017778	0	0	0	0	0	0	0	0.202614	0	0	0	0	0	0	0	0	0	0	0	0	0	0	0	0	0	0	0	0	0	0	0	0	0	0	0	0	0	0.071111	0	0	0	0	0	0	0	0	0	0	0	0	0	0	0	0	0	0	0	0	0	0	0	0	0	0	0	0	0	0	0	0	0	0	0	0	0	0	0	0	0	0	0	0	0	0	0	0	0	0	0	0	0	0	0	0	0	0	0	0	0	0	0	0	0	0	0	0	0	0	0	0	0	0	0	0	0	0	0	0	0	0	0	0	0	0	0	0	0	0	0	0	0	0	0	0.010651	0	0	0	0	0	0	0	0	0	0	0	0	0	0	0	0	0	0	0	0	0	0	0	0	0	0	0	0	0	0	0	0	0	0	0	0	0	0	0	0	0	0	0	0	0	0	0	0	0	0	0	0	0	0	0	0	0	0	0
DBONCIS	19	0	0	0	0	0	0.103402	0	0	0	0	0	0.015875	0	0	0	0	0	0	0.002585	0	0.007895	0	0	0	0	0	0	0	0.000183	0	0	0	0	0	0	0	0	0	0	0	0	0	0	0	0	0	0	0	0	0	0	0	0	0	0	0	0	0	0	0	0	0	0	0	0	0	0.00011	0	0	0	0	0	0.000106	0	0	0	0	0	0	0	0	0	0	0	0	0	0	0	0	0	0	0	0	0	0	0	0	0	0	0	0	0	0	0	0	0	0	0	0	0	0	0	0	0	0	0	0	0	0	0	0	0	0	0	0	0	0	0	0	0	0	0.000548	0	0	0	0	0	0	0	0	0	0	0	0	0	0	0	0	0	0	0	0	0	0	0	0	0	0	0	0	0	0	0	0	0	0	0	0	0	0	0	0	0	0	0	0	0	0	0	0	0	0	0	0	0	0	0.003851	7e-06	0	0	0	0	0	0	0	0	0	0	0	0.002064	0	0	0	0	4.7e-05
GEOTRACES	20	0	0.333233	0.019505	0	0.039742	0	0	0	0	0	0	0	0	0	0	0	0	0	0	0	0	0	0	0	0	0	0	0	0	0	0	0	0	0	0	0	0	0	0	0	0	0	0.000381	0	0	0	0	0	0	0	0	0	0	0	0	0	0	0.000213	0	0	0	0	0	0	0	0	0	0	0	0	0	0	0	0	0	0	0	0	0	0	0	0	0	0	0	0	0	0	0	0	0	0	0	0	0	0	0	0	0	9e-06	0.000176	0	0	0.002932	0	0	0	0	0	0	0	0	0	0	0	0	0	0	0	0	0	0	0	0	0	0	0	0	0	0	0	0	0	0	0	0	0	0	0	0	0	0	0	1.4e-05	0	0	0	0	0	0	0	0	0	0	0	0	0	0	0	0	0	0.00011	0	0	0	0	0	0	0	0	0	0	0	0	0	0	0	0	0	0	0	0	0	0	0	0	0	0	0	0	0	0	0	0	0	0	0	0	0	0	0	0	0	0	0
MinMOS	12	0	0	0	0	0	0	0	0	0	0	0	0	0	0	0	0.000325	0	0.004973	0	0	0	0	0	0	0	0	0.019792	0	0	0	0	0	0	0	0	0	0	0	0	0	0	0	0	0	0	0	0	0	0	0	0	0	0	0	0	0	0	0	0	0	0	0	0	0	0	0	0	0	0	0	0	0	0	0	0	0	0	0	0	0	0	0	0	0	0	0	0	0	0	0	0	0	0	0	0	0	0	0	0	0	0	0	0	0	0	0.000272	0	0	0	0	0	0	0	0	0	0	0	0	0	0	0	0	0	0	0	0	0	0	0	0	0	0	0	0	0	0	0	0	0	0	0	0	0	0	0	0	0	0	0	0	0	0	0	0	0	0	0	0	0	0	0	0	0	0	0	0	0	0	0	0	0	0	0	0	0	0	0	0	0	0	0	0	0	0	0	0	0	0	0	0	0	0	0	0	0	0	0	0	0	0	0	0	0	0	0
SITKA	30	0.063579	0	0	0	0	0	0	0	0	0	0	0	0	0	0	0	0.022768	0	0	0	0	0	0	0.01746	0	0	0	0	0	0	0	0	0	0	0	0.000116	0	0.001831	0	0	0	0	0	0	0	0	7.5e-05	0	0.00365	0	0	0	5.9e-05	0	0	0	0	0	0	0	0	0	0	0.001268	0.034303	0	0	3.3e-05	3.2e-05	0	0	0	0	0	0	0	0	0	0	0	0	0	0.002043	0	0	0	0.000882	1.7e-05	0.021212	0	0	1.4e-05	0.001481	0	0	0	0	0	0	0	0	0	0	0	0	0	0	9e-06	9e-06	0	0	8e-06	0	0	0	0	7e-06	0	7e-06	0	0	0	0	0.000569	0	0	0	0	0	0	0	0	0	0	5e-06	0	4e-06	4e-06	0	0	0.009333	0	0	0	0	0	0	0	0	0.003922	3e-06	0	0	0	2e-06	0.001028	0.004242	0	0	0	0	0	0	0	0.000178	1.7e-05	0	0	0	0	0	0	0	0	0	1e-06	0	0	0	0	0	0	0.000893	0	0	0	0	0	0	0	1.1e-05	0	0	0	0	0	0	0	0	0	0	0	0	0	0
SMITHLAKE	4	0	0	0.001319	0	0	0	0	0	0	0	0	0	0	0	0	0	0	0	0	0	0	0	0	0	0	0	0	0	0	0	0	0	0	0	0	0	0	0	0	0	0	0	0	0	0	0	0	0	0	0	0	0	0	0	0	0	0	0	0	0	0	0	0	0	0	0	0	0	0	0	0	0	0	0	0	0	0	0	0	0	0	0	0	0	0	0	0	0	0	0	0	0	0	0	0	0	0	0	0	0	0	0	0	0	0	0	0	0	0	0	0	0	0	0.006109	0	0	0	0	0	0	0	0.005087	0	0	0	0	0	0	0	0	0	0.001	0	0	0	0	0	0	0	0	0	0	0	0	0	0	0	0	0	0	0	0	0	0	0	0	0	0	0	0	0	0	0	0	0	0	0	0	0	0	0	0	0	0	0	0	0	0	0	0	0	0	0	0	0	0	0	0	0	0	0	0	0	0	0	0	0	0	0	0	0	0	0	0	0
SVALBARD	14	0	0	0	0	0	0	0.014974	0.015264	0.013484	0.011171	0.030009	0.042197	0.015556	0.006421	0	0.007247	0	0.05414	0	0.004292	0	0.002838	0.00445	0	0	0.01531	0	0.001662	0	0	0	0	0	0.008255	0	0	0.001086	0	0	0.002069	0	0	0	0.001383	0	0	0	0.00078	0	0.054288	0	0.002945	0	0.000958	0	0	0	0	0.001729	0.000709	0	0.001343	0.00483	0	0	0	0	0	0	0.041471	0.00031	0.000229	0	0.000285	0	0	0	0.001859	0.000606	0.000464	0.000224	0	0	0.000187	0	0	0	0	0	0	0.00063	0	0	0	0.000406	0	0	0	0.000194	0	0	7.5e-05	5.4e-05	0	0	0	0.000181	0	0	0	0	0	0.00017	0	0	0	0	0	0	0	0	0	0	0	0.000252	0	0	9.4e-05	0	0	5.2e-05	0	0	0	0	4.5e-05	0	0	3.6e-05	0.000432	0	3.7e-05	0.000393	0	0	0	0	0	0	0	0	0	0	0	0	0	0	0	2.3e-05	0	0	0	2.2e-05	0	0	0	0	0	0	0	0	0	0	0	0	0	0	2.8e-05	2.8e-05	0	0	0	0	1.1e-05	4.7e-05	0.000118	0	0	0	0	0	0	0	0	1.5e-05	7e-06	7e-06	7e-06	3.1e-05	0	0	0	0	0	0
UTQ	11	0	0	0	0	0	0	0	0	0	0	0	0	0	0	0	0.001653	0	0.000315	0	0.002364	0	0	0	0	0	0	0.000825	0	0	0	0	0	0	0	0	0	0	0	0	0	0	0	0	0	0	0	0	0	0	0	0	0	0	0	0	0	0	0	0	0	0	0	0	0	0	0	0	0	0	0	0	0	0	0	0	0.000265	0	0	0	0	0	0	0	0	0	0	0	0	0	0	0	0	0	0	0	0	0	0	0	0	0	0	0	0	0	0	0	0	0	0	0	0	0	0	0	0.000106	0	0	0	0	0	0	0	0	0	0	0	0	0	0	0	0	0	0	0	0	0	0	0	0	0	0	0	0	0	0	0	0	3.2e-05	0	0	0	0	0	0	0	0	0	0	0	2.8e-05	0	0	0	0	0	0	0	0	0	0	0	0	0	0	0	0	0	0	0	0	0	0	0	0	0	0	0	0	0	0	0	0	0	0	0	0	0	0	0	0	0	0	0	0
